H,BRANCH,CITY,STATE,ZIP,PART NO,QTY, ,IVC NBR,DATE,COST,PRICE,RES.EXT,ACCT.,NAME,CUST PO#,SHIP DATE,SHIP NBR,COUNTRY CODE,ID,CURRENCY CODE,EXCHANGE RATE,ID,CURRENCY CODE,EXCHANGE DATE
L,PL,ZALAEGERSZEG,EX,8900,SiT8924BE-72-XXE-12.000000E,50, ,55860909,20200302,0.744,1.65,82.5,5053173,FLEXTRONICS INTERNATIONAL,452D02661,20200302,,HU,BY,USD,1,SE,USD,20200302
L,PL,ZALAEGERSZEG,EX,8900,SIT8924BA-73-18E-25.000000G,50, ,55860909,20200302,1.124,2.35,117.5,5053173,FLEXTRONICS INTERNATIONAL,452D02661,20200302,,HU,BY,USD,1,SE,USD,20200302
L,WEB,KOWLOON,EX,0,SiT5157AI-FK-33N0-100.000000X,2, ,55873932,20200302,25.2551,45.24,90.48,5923406,"HONG KONG WANLUTONG INTERNATIONAL LOGISTICS CO., LIMITED",PO213879,20200302,,HK,BY,USD,1,SE,USD,20200302
L,WEB,NAGANO,EX,3850021,SIT8008BI-23-18E-33.333333G,134, ,55890644,20200302,0.45,0.716,95.944,5764466,"CORE STAFF CO., LTD (C)",200302JA0306-09,20200302,,JP,BY,USD,1,SE,USD,20200302
L,WEB,RENTON,WA,98057,SIT9120AI-2D3-33E200.000000X,5, ,55899495,20200302,1.596,2.99,14.95,1140512,OUT OF THE BOX MANUFACTURING,M200480,20200302,,US,BY,USD,1,SE,USD,20200302
L,WEB,MISSISSAUGA,ON,L5R 3E7,SiT8008BC-23-33E-90.000000G,7, ,55899779,20200302,0.43,1.268,8.876,5112543,AVERSAN INC,6034,20200302,,CA,BY,USD,1,SE,USD,20200302
L,WEB,KOWLOON,EX,0,SiT8103AI-13-18E-25.00000X,4, ,55893103,20200302,0.72,1.49,5.96,5923406,"HONG KONG WANLUTONG INTERNATIONAL LOGISTICS CO., LIMITED",PO214095,20200302,,HK,BY,USD,1,SE,USD,20200302
L,WEB,HOLLAND,OH,43528,SIT8924BA-22-33E-8.192000G,20, ,55900001,20200302,1.475,3.1,62,1582918,ELECTRONIC CONCEPTS & ENG,24789,20200302,,US,BY,USD,1,SE,USD,20200302
L,WEB,MISSISSAUGA,ON,L5R 3E7,SiT8008BC-23-33E-90.000000G,5, ,55900418,20200302,0.43,1.268,6.34,5112543,AVERSAN INC,6042,20200302,,CA,BY,USD,1,SE,USD,20200302
L,WEB,HA NOI,EX,0,SiT8103AI-23-33E-33.33300X,13, ,55874066,20200302,0.6,1.59,20.67,5571982,"TRACE - TEC VIET NAM CO. LTD.,",TT-LNA-FILTER-C1-BS,20200302,,VN,BY,USD,1,SE,USD,20200302
L,WEB,NAGANO,EX,3850021,SiT5021AI-2CE-25N-50.000000X,3, ,55893172,20200302,5.53,7.9,23.7,5764466,"CORE STAFF CO., LTD (C)",200302KJ0309,20200302,,JP,BY,USD,1,SE,USD,20200302
L,MX,"QUERETARO, QRO.",QT,76125,SIT8918AA-13-33S-50.000000G,3, ,55904218,20200302,0.944,2.8,8.4,5972330,CENTRO DE INGENIERIA Y DESARROLLO INDUSTRIAL,100101408,20200302,,MX,BY,USD,1,SE,USD,20200302
L,WEB,QUERETARO,QT,76125,SIT8924BM-71-33E-1.000000G,2, ,55904320,20200302,2.809,7.66,15.32,5972330,CENTRO DE INGENIERIA Y DESARROLLO INDUSTRIAL,100127464,20200302,,MX,BY,USD,1,SE,USD,20200302
L,WEB,HONG KONG,EX,0,SIT9120AI-2C3-33E100.000000X,195, ,55894770,20200302,1.596,2.39,466.05,5A16EDA,SHENZHEN HAMPOO SCIENCE TECHNOLOGY CO. LTD.(WNH001),HP20030073,20200302,,HK,BY,USD,1,SE,USD,20200302
L,TX,SAN JOSE,CA,95112,SIT1552AI-JE-DCC-32.768E,250, ,55904721,20200302,0.851,1.7,425,1744353,HON HAI/Q-EDGE CORP.,2001000,20200302,,US,BY,USD,1,SE,USD,20200302
L,WEB,NARVA,EX,20308,SiT9102AI-243N25E200.00000X,2, ,55869326,20200302,5.484,9.2,18.4,5A03493,OU IDATRADING,18209243,20200302,,EE,BY,USD,1,SE,USD,20200302
L,WEB,BANGALORE,KA,560100,SIT8924BA-22-33E-8.192000G,8, ,55877356,20200302,1.475,3.34,26.72,5970589,TESSOLVE SEMICONDUCTOR,BLRSPO-1920-2484,20200302,,IN,BY,USD,1,SE,USD,20200302
L,TX,GURO-GU,EX,8217,SIT1533AC-H5-D14-32.768G,100, ,55896304,20200302,0.492,0.866,86.6,5787423,ICBANQ,B200302017203,20200302,,KR,BY,USD,1,SE,USD,20200302
L,WEB,CHU-PEI CITY,EX,30264,SIT1534AI-H4-DCC-08.192E,6, ,55896937,20200302,0.678,1.6,9.6,5014489,LEADERTEC LTD,18478721,20200302,,TW,BY,USD,1,SE,USD,20200302
L,WEB,"CHANGWON-SI, GYEONGSANGNAM-DO",EX,51400,SIT8924BM-71-33E-20.000000G,5, ,55887323,20200302,2.809,5.89,29.45,5662913,JEROCO,18472274,20200302,,KR,BY,USD,1,SE,USD,20200302
L,WEB,PECS,EX,7630,SIT8924AA-13-33E-33.333333G,18, ,55898024,20200302,1.18,2.438,43.884,5A2B6D2,Z ELEKTRONIKA KFT,"TKP HIL, BOSCH KABEL",20200302,,HU,BY,USD,1,SE,USD,20200302
L,TX,SAN JOSE,CA,95134,SIT8924BA-13-33E-33.333333G,-190, ,55898540,20200302,1.18,2.17,-412.3,1566838,SANMINA,VD200162E13,20200302,,US,BY,USD,1,SE,USD,20200302
L,WEB,NORWICH,NF,NR6 6JB,SiT8021AI-J4-XXS-12.000000E,5, ,55913353,20200303,0.457,1.78,8.9,5A26CA3,ONE WAY HOLDINGS LTD,616093-RNL-MIKE-BINO,20200303,,GB,BY,USD,1,SE,USD,20200303
L,WEB,CONCORDIA SULLA SECCHIA,MO,I41033,SIT8008BI-12-33E-62.500000G,6, ,55915989,20200303,0.51,1.782,10.692,5839387,DSB S.R.L.,281,20200303,,IT,BY,USD,1,SE,USD,20200303
L,WEB,ZURICH,EX,CH8092,SIT1533AC-H5-DCC-32.768E,3, ,55919612,20200303,0.396,1.086,3.258,5935776,INTEG. SYSTEMS LABORATORY,18491599,20200303,,CH,BY,USD,1,SE,USD,20200303
L,WEB,CAMBRIDGE,MA,2138,SiT8008AI-23-33E-16.000000G,2, ,55920157,20200303,0.45,1.22,2.44,1943244,HARVARD UNIVERSITY,18492020,20200303,,US,BY,USD,1,SE,USD,20200303
L,WEB,TEMPE,AZ,85282,SIT9121AI-2B2-33E100.000000G,75, ,55921254,20200303,2.107,3.98,298.5,1621003,BOARD TECHNOLOGY,20024,20200303,,US,BY,USD,1,SE,USD,20200303
L,WEB,SAN FRANCISCO,CA,94103,SIT1552AI-JE-DCC-32.768E,13, ,55921501,20200303,0.851,1.72,22.36,1403022,Natural Person,12466 -10,20200303,,US,BY,USD,1,SE,USD,20200303
L,WEB,SUNNYVALE,CA,94086,SIT8924BA-73-18E-25.000000G,8, ,55925736,20200303,1.124,2.2,17.6,1696132,SIERRA CIRCUITS,140775,20200303,,US,BY,USD,1,SE,USD,20200303
L,TX,STEINACH,SG,9323,SIT1552AI-JF-DCC-32.768D,1000, ,55872295,20200303,0.784,1.08,1080,5697072,VARIOSYSTEMS AG,4500480322,20200303,,CH,BY,USD,1,SE,USD,20200303
L,WEB,KOWLOON,EX,0,SIT8008AI-33-33S-50.000000X,110, ,55893438,20200303,0.469,0.959,105.49,5923406,"HONG KONG WANLUTONG INTERNATIONAL LOGISTICS CO., LIMITED",PO214327,20200303,,HK,BY,USD,1,SE,USD,20200303
L,HK,"KWUN TONG,KOWLOON",EX,0,SIT2001BI-S2-33E-24.000000G,3, ,55895003,20200303,0.359,1.13,3.39,5933995,HK LIANCHUANG ELECTRONICS CO LTD(C),MOUSER20030204,20200303,,HK,BY,USD,1,SE,USD,20200303
L,WEB,NEWBURY,WB,RG14 5TU,SIT2024AA-S2-XXE-25.000000G,10, ,55903838,20200303,1.124,2.17,21.7,5155084,GARNER OSBORNE CIRCUITS LTD,PA43634,20200303,,GB,BY,USD,1,SE,USD,20200303
L,WEB,MOCA,PR,676,SIT1534AI-H4-DCC-04.096G,16, ,55906433,20200303,0.842,1.87,29.92,1A0C8D6,HONEYWELL AEROSPACE,7026833185-0010,20200303,,PR,BY,USD,1,SE,USD,20200303
L,WEB,GEUMCHEON-GU,EX,8504,SIT8008BI-23-33E-20.000000G,20, ,55907958,20200303,0.45,0.889,17.78,5075439,ELEPARTS(C),ELE20200303CYW-M2,20200303,,KR,BY,USD,1,SE,USD,20200303
L,WEB,NEW TAIPEI CITY,EX,220,SiT9365AC-1B2-33E156.250000G,15, ,55911347,20200303,3.96,7.713,115.695,5558885,RAMTEK TECHNOLOGY INC.,18486855,20200303,,TW,BY,USD,1,SE,USD,20200303
L,WEB,"GURO-GU, SEOUL",EX,8217,SIT9102AI-243N33E200.00000X,5, ,55911506,20200303,4.57,10.156,50.78,5170327,"AION SEMI CO.,LTD",AS200303-01,20200303,,KR,BY,USD,1,SE,USD,20200303
L,WEB,SEOUL,EX,8217,SiT9102AI-243N25E200.00000X,10, ,55912156,20200303,5.484,8.66,86.6,5216348,PURESEMI,18485590,20200303,,KR,BY,USD,1,SE,USD,20200303
L,WEB,STRAMBINO,TO,10019,SiT8008BC-12-33E-24.000000G,5, ,55937461,20200304,0.489,1.323,6.615,5785851,SEICA S.P.A. ALBERTO BERTONCIN,201716+201826+201840,20200304,,IT,BY,USD,1,SE,USD,20200304
L,TX,SAN JOSE,CA,95112,SIT1552AI-JE-DCC-32.768E,250, ,55942134,20200304,0.851,1.7,425,1744353,HON HAI/Q-EDGE CORP.,2001000,20200304,,US,BY,USD,1,SE,USD,20200304
L,CA,SANTA ANA,CA,92704,SIT9102AI-243N33E200.00000X,25, ,55886300,20200304,4.57,7.54,188.5,1000601,PARPRO TECHNOLOGIES INC.,156110,20200304,,US,BY,USD,1,SE,USD,20200304
L,TX,LONGMONT,CO,80503,SiT8103AI-13-33E-24.00000X,20, ,55887885,20200304,0.6,1.32,26.4,1566804,ONCORE MANUFACTURING,573925,20200304,,US,BY,USD,1,SE,USD,20200304
L,TX,LONGMONT,CO,80503,SiT8103AI-13-33E-24.00000X,10, ,55888265,20200304,0.6,1.32,13.2,1566804,ONCORE MANUFACTURING,574475,20200304,,US,BY,USD,1,SE,USD,20200304
L,CA,SAN DIEGO,CA,92121,SiT8103AI-23-33E-100.00000X,4, ,55900920,20200304,0.86,1.82,7.28,1608416,HI-TECH ELECTRONIC MANUFACTURING INC,41936,20200304,,US,BY,USD,1,SE,USD,20200304
L,WEB,SAN JOSE,CA,95131,SIT8918AA-11-33S-50.000000G,100, ,55910451,20200304,1.8,2.95,295,1011154,JAVAD EMS,71508050,20200304,,US,BY,USD,1,SE,USD,20200304
L,WEB,DOTHAN,AL,36303,SIT1552AC-JE-DCC-32.768D,1, ,55911174,20200304,0.76,1.07,1.07,1924355,ENCO ELECTRONIC SYSTEMS,AL-AQUA-PROD,20200304,,US,BY,USD,1,SE,USD,20200304
L,WEB,SHA TIN,HK,0,SIT8103AC-23-18E-33.33333X,2, ,55912857,20200304,0.564,1.46,2.92,5953884,GALAXY ELECTRONICS(HONGKONG)LIMITED,PO200302785161,20200304,,HK,BY,USD,1,SE,USD,20200304
L,WEB,SHA TIN,HK,0,SiT9102AI-243N25E200.00000X,2, ,55912857,20200304,5.484,8.47,16.94,5953884,GALAXY ELECTRONICS(HONGKONG)LIMITED,PO200302785161,20200304,,HK,BY,USD,1,SE,USD,20200304
L,WEB,SYDNEY,NS,2153,SiT8008BC-23-33E-90.000000G,25, ,55918620,20200304,0.43,1.252,31.3,5065229,SOURCEMAN INTERNATIONAL,AXP27789,20200304,,AU,BY,USD,1,SE,USD,20200304
L,WEB,ANAHEIM,CA,92807,SiT9365AC-2B2-33E156.250000G,10, ,55922990,20200304,3.96,6.86,68.6,1690213,"PWB AMERICA, INC.",18493653,20200304,,US,BY,USD,1,SE,USD,20200304
L,WEB,ANAHEIM,CA,92807,SIT8008AI-11-18E-33.333333G,6, ,55922990,20200304,0.511,1.2,7.2,1690213,"PWB AMERICA, INC.",18493653,20200304,,US,BY,USD,1,SE,USD,20200304
L,WEB,NUTLEY,NJ,7110,SiT5157AI-FK-33N0-100.000000X,13, ,55923031,20200304,25.2551,40.74,529.62,1135120,PNC INC,44537-50001-50002,20200304,,US,BY,USD,1,SE,USD,20200304
L,WEB,CHIYODA-KU,EX,1010051,SIT8008BI-22-18E-100.000000G,20, ,55926192,20200304,0.511,1.158,23.16,5206069,PHOTRON LTD,92080Q01-48,20200304,,JP,BY,USD,1,SE,USD,20200304
L,CA,SAN CLEMENTE,CA,92673,SIT9121AI-2B2-33E100.000000G,22, ,55926225,20200304,2.107,3.62,79.64,1368989,"XLR8 SERVICES, INC.",CAP15429,20200304,,US,BY,USD,1,SE,USD,20200304
L,WEB,SHA TIN,HK,0,SIT8008AI-11-18E-33.333333G,12, ,55926897,20200304,0.511,1.12,13.44,5953884,GALAXY ELECTRONICS(HONGKONG)LIMITED,PO200304724761,20200304,,HK,BY,USD,1,SE,USD,20200304
L,WEB,SAN JOSE,CA,95134,SiT8924BA-72-18E-50.000000E,20, ,55927168,20200304,1.115,1.97,39.4,1688290,SURFACE ART ENGINEERING,HEB67B-01,20200304,,US,BY,USD,1,SE,USD,20200304
L,TX,XIAMEN,FJ,361006,SIT9120AI-2C1-25E200.000000X,50, ,55928625,20200304,1.756,7.33,366.5,5281945,PLEXUS XIAMEN CO LTD,695-7513739-OP,20200304,,CN,BY,USD,1,SE,USD,20200304
L,WEB,HANGZHOU,ZJ,310023,SIT8924AA-38-33E-2.048000X,21, ,55928773,20200304,1.236,2.297,48.237,5343080,SHILONG XU,234521,20200304,,CN,BY,USD,1,SE,USD,20200304
L,HK,"KWUN TONG,KOWLOON",EX,0,SiT8021AI-J4-18S-19.200000E,10, ,55929036,20200304,0.457,0.948,9.48,5933995,HK LIANCHUANG ELECTRONICS CO LTD(C),MOUSER20030307,20200304,,HK,BY,USD,1,SE,USD,20200304
L,HK,"KWUN TONG,KOWLOON",EX,0,SIT9120AI-2D3-33E200.000000X,24, ,55930866,20200304,1.596,3.08,73.92,5933995,HK LIANCHUANG ELECTRONICS CO LTD(C),MOUSER20030403,20200304,,HK,BY,USD,1,SE,USD,20200304
L,WEB,BUCHEN,EX,74722,SiT8008BI-13-33S-25.000000G,10, ,55934486,20200304,0.45,0.994,9.94,5952326,MOSCA ELEKTRONIK UND,BE-18480,20200304,,DE,BY,USD,1,SE,USD,20200304
L,FR,ROSHEIM,EX,67560,SIT1552AC-JE-DCC-32.768D,5, ,55935561,20200304,0.76,1.585,7.925,5841162,PROTOELECTRONIQUE,AP20201807-R,20200304,,FR,BY,USD,1,SE,USD,20200304
L,IN,BANGALORE,KA,560100,SiT9121AI-2B1-33E100.000000G,2, ,55935799,20200304,5.85,9.82,19.64,5970589,TESSOLVE SEMICONDUCTOR PVT LTD,BLRSPO-1920-MP0048,20200304,,IN,BY,USD,1,SE,USD,20200304
L,IN,BANGALORE,KA,560100,SIT8008AI-11-18E-33.333333G,3, ,55935799,20200304,0.511,1.2,3.6,5970589,TESSOLVE SEMICONDUCTOR PVT LTD,BLRSPO-1920-MP0048,20200304,,IN,BY,USD,1,SE,USD,20200304
L,DE,ULM,EX,89079,SIT8008BI-72-33E-25.000000G,10, ,55936670,20200304,0.489,1.082,10.82,5758763,CAD-UL ELECTRONIC SERVICES,652567,20200304,,DE,BY,USD,1,SE,USD,20200304
L,WEB,CUERS,EX,83390,SIT1533AC-H5-DCC-32.768E,250, ,55887533,20200305,0.396,0.741,185.25,5828953,CABELVAR,A202000124,20200305,,FR,BY,USD,1,SE,USD,20200305
L,DE,ERFURT,EX,99087,SIT1533AI-H4-AA2-32.768G,10, ,55896981,20200305,0.517,1.137,11.37,5000434,VOIGT ELECTRONIC GMBH,2020-120753,20200305,,DE,BY,USD,1,SE,USD,20200305
L,TX,HATFIELD,PA,19440,SIT2001BI-S2-33E-24.000000G,35, ,55903905,20200305,0.359,1.23,43.05,1565248,YOUNGTRON INC.,201423,20200305,,US,BY,USD,1,SE,USD,20200305
L,WEB,BEIJING,BJ,101400,SiT5155AI-FK-33E0-20.000000X,10, ,55935127,20200305,15.0228,23.1,231,5A273EE,"BEIJING SIFANG MEASUREMENT & CONTROL TECHNOLOGY CO., LTD.",18501915,20200305,,CN,BY,USD,1,SE,USD,20200305
L,WEB,SOUTH ELGIN,IL,60177,SIT8008BI-21-33E-40.000000G,15, ,55943561,20200305,0.511,0.974,14.61,1624906,BESTPROTO,JW030420-5,20200305,,US,BY,USD,1,SE,USD,20200305
L,WEB,NAGANO,EX,3850021,SiT2001BI-S2-33E-16.000000E,4, ,55948790,20200305,0.359,0.97,3.88,5764466,"CORE STAFF CO., LTD (C)",200305KI0309-,20200305,,JP,BY,USD,1,SE,USD,20200305
L,WEB,TAIPEI,EX,11492,SiT1533AI-H4-DCC-32.768E,50, ,55950701,20200305,0.416,0.94,47,5117298,PRIMAX ELECTRONICS LTD.,18510514,20200305,,TW,BY,USD,1,SE,USD,20200305
L,WEB,ST.PETERSBURG,EX,194223,SiT8924BA-72-18E-50.000000E,100, ,55952024,20200305,1.115,1.68,168,5354700,PM ELECTRONICS,PM-831/20,20200305,,RU,BY,USD,1,SE,USD,20200305
L,DE,BACKNANG,EX,71522,SiT9365AC-2B2-25E156.250000G,5, ,55952349,20200305,3.96,7.171,35.855,5076528,TESAT-SPACECOM GMBH & CO. KG,U17-4500524808,20200305,,DE,BY,USD,1,SE,USD,20200305
L,TX,SAN DIEGO,CA,92121,SIT1602BI-13-18E-25.000000G,200, ,55955008,20200305,0.478,0.891,178.2,1000216,QUALCOMM TECHNOLOGIES INC,100223785,20200305,,US,BY,USD,1,SE,USD,20200305
L,WEB,SEOUL,EX,8390,SiT9121AI-2B1-33E100.000000G,16, ,55955840,20200305,5.85,9.24,147.84,5869251,ILWOL SEMICOM,IW200305-1213-2,20200305,,KR,BY,USD,1,SE,USD,20200305
L,WEB,EAST HARTFORD,CT,6108,SiT8021AI-J4-XXS-16.000000E,200, ,55958441,20200305,0.457,1.415,283,1612452,ADAPTIVE OPTICS ASSOCIATES,2020N-0146,20200305,,US,BY,USD,1,SE,USD,20200305
L,CA,SANTA CLARA,CA,95054,SiT8103AI-12-33E-50.00000X,26, ,55962665,20200305,0.6691,1.52,39.52,1102908,"ROCKET EMS, INC.",62613,20200305,,US,BY,USD,1,SE,USD,20200305
L,WEB,HK,EX,0,SIT2001BI-S2-33E-25.000000G,25, ,55919738,20200306,0.452,1.02,25.5,5961034,KAI TAK ELECTRONICS,18488298,20200306,,HK,BY,USD,1,SE,USD,20200306
L,TX,AUSTIN,TX,78746,SIT9122AI-2C2-33E300.000000X,71, ,55928868,20200306,3.511,5.09,361.39,1755479,ABACO SYSTEMS,4500220583,20200306,,US,BY,USD,1,SE,USD,20200306
L,TX,AUSTIN,TX,78746,SIT9120AI-2C2-33E100.000000X,165, ,55928868,20200306,1.756,2.322,383.13,1755479,ABACO SYSTEMS,4500220583,20200306,,US,BY,USD,1,SE,USD,20200306
L,WEB,HOUSTON,TX,77040,SIT2024AA-S2-XXE-10.000000G,103, ,55947899,20200306,1.124,1.77,182.31,1741310,GEOSPACE TECHNOLOGIES,138919,20200306,,US,BY,USD,1,SE,USD,20200306
L,CN,SUZHOU,JS,215000,SIT8008BI-23-33S-50.000000E,250, ,55965816,20200306,0.41,0.779,194.75,5697586,ASTEELFLASH SUZHOU CO LTD,CR185688,20200306,,CN,BY,USD,1,SE,USD,20200306
L,WEB,KAOHSIUNG CITY,EX,813,SiT8021AI-J4-XXS-16.000000E,50, ,55967158,20200306,0.457,1.788,89.4,5A21EC7,TRIGREATTECH,18518769,20200306,,TW,BY,USD,1,SE,USD,20200306
L,WEB,FUKUI-CITY,EX,9100015,SIT8008BI-22-33E-64.000000G,5, ,55968946,20200306,0.511,1.24,6.2,5741654,"MARUTSUELEC CO.,LTD.",6-89184_5/30-80726,20200306,,JP,BY,USD,1,SE,USD,20200306
L,WEB,TSUEN WAN,EX,0,SiT9120AI-2C3-33E200.000000X,13, ,55969816,20200306,1.596,2.95,38.35,5699043,GOSONIC LOGISTIC LTD,AVAN0030496,20200306,,HK,BY,USD,1,SE,USD,20200306
L,FR,CLEURIE,EX,88120,SIT2001BI-S2-33E-50.000000G,50, ,55969827,20200306,0.452,1.013,50.65,5962685,ASTEELFLASH FRANCE ETS. LORRAINE,PRL20021,20200306,,FR,BY,USD,1,SE,USD,20200306
L,TX,"SEOUL, KOREA",EX,8584,SIT8924BA-22-33E-20.000000G,10, ,55969997,20200306,1.475,2.73,27.3,5787423,ICBANQ (C),B200306020905,20200306,,KR,BY,USD,1,SE,USD,20200306
L,WEB,KILSYTH,NL,G659BS,SIT1602AC-13-33E-33.333330G,-20, ,55973466,20200306,0.455,1.033,-20.66,5779325,KELVINSIDE ELECTRONICS,97869,20200306,,GB,BY,USD,1,SE,USD,20200306
L,TX,SAN JOSE,CA,95119,SiT1533AI-H4-DCC-32.768E,1000, ,55975127,20200306,0.416,0.416,416,1698267,RFMW LTD,1072920,20200306,,US,BY,USD,1,SE,USD,20200306
L,WEB,MONTREAL,QC,H1Y 3L1,SiT5155AI-FK-33VT-10.000000X,5, ,55975167,20200306,14.7824,26.352,131.76,5725577,EFFIGIS GEOSOLUTIONS,7319,20200306,,CA,BY,USD,1,SE,USD,20200306
L,WEB,SAN DIEGO,CA,92121,SiT8021AI-J4-18S-24.000000E,160, ,55976982,20200306,0.457,0.786,125.76,1652651,"CONCISYS INC., GROUND",BAY519585-2,20200306,,US,BY,USD,1,SE,USD,20200306
L,WEB,NUTLEY,NJ,7110,SIT8924BA-73-18E-25.000000G,35, ,55979262,20200306,1.124,1.62,56.7,1135120,PNC INC,50047,20200306,,US,BY,USD,1,SE,USD,20200306
L,WEB,"SANTIAGO DE QUERETARO, QRO.",QT,76125,SIT8924BM-71-33E-1.000000G,4, ,55979695,20200306,2.809,7.66,30.64,5972330,CENTRO DE INGENIERIA Y DESARROLLO INDUSTRIAL,100127615,20200306,,MX,BY,USD,1,SE,USD,20200306
L,WEB,SAN FRANCISCO,CA,94103,SiT8021AI-J4-18S-24.000000E,32, ,55980576,20200306,0.457,0.881,28.192,1403022,Natural Person,12483-10,20200306,,US,BY,USD,1,SE,USD,20200306
L,CA,SAN JOSE,CA,95131,SIT1552AI-JE-DCC-32.768E,65, ,55980590,20200306,0.851,1.97,128.05,1749688,ADVANCED ASSEMBLY LLC,149679GREEN030620,20200306,,US,BY,USD,1,SE,USD,20200306
L,DE,ST.MARIENKIRCHEN,EX,4774,SiT1532AI-J4-D14-32.768E,40, ,55927075,20200307,0.457,1.006,40.24,5896919,FRAUSCHER SENSORTECHNIK GMBH,BBA-046887,20200307,,AT,BY,USD,1,SE,USD,20200307
L,DE,ST.MARIENKIRCHEN,EX,4774,SiT8021AI-J4-XXS-4.000000E,40, ,55927075,20200307,0.457,1.563,62.52,5896919,FRAUSCHER SENSORTECHNIK GMBH,BBA-046887,20200307,,AT,BY,USD,1,SE,USD,20200307
L,TX,BRAINERD,MN,56401,SIT1552AI-JF-DCC-32.768D,500, ,55982526,20200307,0.784,1.26,630,1525018,ATEK ACCESS TECHNOLOGIES-BRAINERD,32102-02,20200309,,US,BY,USD,1,SE,USD,20200307
L,WEB,NEWPORT,NW,NP10 9YA,SIT1552AI-JE-DCC-32.768E,100, ,55956962,20200309,0.851,1.787,178.7,5878032,TT ELECTRONICS LTD,PO-084103,20200309,,GB,BY,USD,1,SE,USD,20200309
L,WEB,NEWPORT,NW,NP10 9YA,SiT8021AC-J4-18S-24.000000E,100, ,55956962,20200309,0.416,0.895,89.5,5878032,TT ELECTRONICS LTD,PO-084103,20200309,,GB,BY,USD,1,SE,USD,20200309
L,WEB,CHANGSHA CITY,HN,410000,SIT2024BM-S2-33E-40.000000G,12, ,55966190,20200309,2.247,4.534,54.408,5A2B090,Natural Person,18436189,20200309,,CN,BY,USD,1,SE,USD,20200309
L,WEB,SEOUL,EX,8217,SiT5021AI-2DE-33VM125.000000X,55, ,55973398,20200309,6.88,10.12,556.6,5210778,SKYWORKS,18523265,20200309,,KR,BY,USD,1,SE,USD,20200309
L,WEB,BELGRADE,EX,11000,SIT8924BM-71-33E-20.000000G,13, ,55973474,20200309,2.809,5.521,71.773,5363878,NOVELIC D.O.O.,18522285,20200309,,RS,BY,USD,1,SE,USD,20200309
L,WEB,ST.PETERSBURG,EX,194223,SIT9120AI-2D3-33E200.000000X,70, ,55973795,20200309,1.596,2.53,177.1,5354700,PM ELECTRONICS,PM-867/20,20200309,,RU,BY,USD,1,SE,USD,20200309
L,WEB,KIEV,EX,3110,SIT9121AI-2C2-33E125.000000X,6, ,55976211,20200309,2.1073,4.43,26.58,5840941,EVOCOM.UA,12569,20200309,,UA,BY,USD,1,SE,USD,20200309
L,WEB,SAN JOSE,CA,95131,SIT8918AA-11-33S-16.000000G,55, ,55980448,20200309,1.8,3.25,178.75,1011154,JAVAD EMS,71508091,20200309,,US,BY,USD,1,SE,USD,20200309
L,TX,CHESTERFIELD,MI,48051,SIT8008BI-11-18E-33.333333G,50, ,55984129,20200309,0.511,0.941,47.05,1622577,"RIVERSIDE MFG., LLC",AM00000708,20200309,,US,BY,USD,1,SE,USD,20200309
L,WEB,ANAHEIM,CA,92807,SIT8008BI-11-18E-33.333333G,7, ,55985018,20200309,0.511,1.2,8.4,1690213,"PWB AMERICA, INC.",18493653,20200309,,US,BY,USD,1,SE,USD,20200309
L,WEB,HK,EX,0,SIT8924BA-22-33E-8.192000G,5, ,55985316,20200309,1.475,2.79,13.95,5482238,TRADE SERVICES COMPANY LIMITED,PO00240165,20200309,,HK,BY,USD,1,SE,USD,20200309
L,WEB,KOWLOON,EX,0,SIT8008BI-11-18E-33.333333G,5, ,55986437,20200309,0.511,1.06,5.3,5923406,"HONG KONG WANLUTONG INTERNATIONAL LOGISTICS CO., LIMITED",PO210583,20200309,,HK,BY,USD,1,SE,USD,20200309
L,WEB,RAVENSBURG,EX,88214,SIT1552AI-JE-DCC-32.768E,1000, ,55988121,20200309,0.851,1.268,1268,5931898,GUTERMANN TECHNOLOGY GMBH,200120,20200309,,DE,BY,USD,1,SE,USD,20200309
L,WEB,NAGANO,EX,3850021,SIT9120AI-2B1-33E50.000000E,9, ,55988590,20200309,1.386,3.13,28.17,5764466,"CORE STAFF CO., LTD (C)",200309KI,20200309,,JP,BY,USD,1,SE,USD,20200309
L,WEB,WEIFANG,SD,261011,SIT2001BI-S2-33E-50.000000G,56, ,55990090,20200309,0.452,1.037,58.072,5347633,"SHANDONG FREE OPTICS TECH CO.,LTD",FREE-SDHT-2003-014,20200309,,CN,BY,USD,1,SE,USD,20200309
L,WEB,DAEJEON,EX,34186,SiT9102AI-243N25E200.00000X,6, ,55990121,20200309,5.484,9.21,55.26,5232318,DAEMYUNG SEMICONDUCTOR,DMBG-200309,20200309,,KR,BY,USD,1,SE,USD,20200309
L,WEB,ERFURT,EX,99084,SiT1602AC-12-33E-26.000000G,10, ,55990573,20200309,0.524,1.137,11.37,5022829,BRUCKNER JAROSCH GMBH,MOTIADAPTER-FPGA,20200309,,DE,BY,USD,1,SE,USD,20200309
L,WEB,SHAOXING,ZJ,311200,SiT9120AI-2D3-25E200.000000X,20, ,55990677,20200309,1.596,3.385,67.7,5511478,"FMI MEDICAL SYSTEMS CO.,L",M20030123,20200309,,CN,BY,USD,1,SE,USD,20200309
L,WEB,KAOHSIUNG CITY,EX,813,SiT8021AI-J4-18S-12.288000E,50, ,55991712,20200309,0.457,1.158,57.9,5A21EC7,TRIGREATTECH,18533988,20200309,,TW,BY,USD,1,SE,USD,20200309
L,WEB,CERKNICA,EX,1380,SIT8924BA-13-33E-25.000000G,60, ,55993675,20200309,1.18,2.274,136.44,5474322,PROPLACE D.O.O.,2020-01190,20200309,,SI,BY,USD,1,SE,USD,20200309
L,WEB,MONTREAL,QC,H4S 0A9,SIT1602BI-23-33E-25.000000G,10, ,56000162,20200309,0.478,1.155,11.55,5624337,Natural Person,18539614,20200309,,CA,BY,USD,1,SE,USD,20200309
L,WEB,WELSUM,EX,8196 KB,SiT1602AI-73-33E-25.000000G,5, ,56014144,20200310,0.455,1.235,6.175,5685049,TEST INSPIRE BV,18546956,20200310,,NL,BY,USD,1,SE,USD,20200310
L,WEB,SAN JOSE,CA,95134,SIT9120AI-2B1-33E50.000000E,13, ,56020391,20200310,1.386,2.91,37.83,1595903,NAPROTEK INC.,54276,20200310,,US,BY,USD,1,SE,USD,20200310
L,TX,LONGMONT,CO,80503,SIT8924BA-11-33E-100.000000G,10, ,56020433,20200310,1.475,3.1,31,1566804,ONCORE MANUFACTURING,583074,20200310,,US,BY,USD,1,SE,USD,20200310
L,DE,KARLSFELD,EX,85757,SiT1533AI-H4-DCC-32.768E,210, ,56020599,20200310,0.416,0.847,177.87,5798597,LACON ELECTRONIC GMBH,BES270353,20200310,,DE,BY,USD,1,SE,USD,20200310
L,TX,SANTA MARIA,CA,93455,SIT9120AI-2C2-33E100.000000X,10, ,55967264,20200310,1.756,3.69,36.9,1628948,GAVIAL ENGINEERING & MFG INC,105710,20200310,,US,BY,USD,1,SE,USD,20200310
L,WEB,SIMMERATH,EX,52152,SiT5155AI-FK-33E0-20.000000X,16, ,55998226,20200310,15.0228,22.563,361.008,5370631,KE-TRONIK,2020-0311,20200310,,DE,BY,USD,1,SE,USD,20200310
L,WEB,KOWLOON,EX,0,SIT9120AI-2D3-33E200.000000X,12, ,56007359,20200310,1.596,2.95,35.4,5923406,"HONG KONG WANLUTONG INTERNATIONAL LOGISTICS CO., LIMITED",PO216811-1,20200310,,HK,BY,USD,1,SE,USD,20200310
L,WEB,SHENZHEN,GD,518031,SiT1533AI-H4-DCC-32.768E,24, ,56007431,20200310,0.416,0.947,22.728,6008A07,"SHENZHEN GONGJIN ELECTRONICS CO., LTD.",18542695,20200310,,CN,BY,USD,1,SE,USD,20200310
L,UK,GLOUCESTERSHIRE,EX,GL5 5EY,SiT8021AI-J4-XXS-4.000000E,60, ,56009737,20200310,0.457,1.696,101.76,5863858,RENISHAW PLC,PU03520642,20200310,,GB,BY,USD,1,SE,USD,20200310
L,WEB,QUEBEC,QC,G2N 2K7,SIT9102AI-243N33E200.00000X,10, ,56012823,20200310,4.57,8.66,86.6,5635338,FESTO DIDACTIC LTD,1047046659,20200310,,CA,BY,USD,1,SE,USD,20200310
L,WEB,MULHOUSE,EX,68100,SiT1533AI-H4-DCC-32.768E,550, ,56013028,20200310,0.416,0.706,388.3,5754122,ARMADEUS SYSTEMS,18545374,20200310,,FR,BY,USD,1,SE,USD,20200310
L,CN,SUZHOU,JS,215021,SiT1533AI-H4-DCC-32.768E,25, ,55949007,20200311,0.416,0.791,19.775,5262263,"SCANFIL(SUZHOU)CO.,LTD",NEWMOUSE2010,20200311,,CN,BY,USD,1,SE,USD,20200311
L,TX,MOORPARK,CA,93021,SIT8102AI-23-25E-40.00000T,100, ,55982033,20200311,0.6,1.74,174,1405317,BENCHMARK ELECTRONICS,QPJ003098,20200311,,US,BY,USD,1,SE,USD,20200311
L,WEB,KOWLOON,EX,0,SiT8008BI-33-33E-25.000000X,30, ,55991013,20200311,0.469,0.924,27.72,5923406,"HONG KONG WANLUTONG INTERNATIONAL LOGISTICS CO., LIMITED",PO216798-2,20200311,,HK,BY,USD,1,SE,USD,20200311
L,TX,OTTAWA LAKE,MI,49267,SiT9120AI-2D3-25E200.000000X,5, ,55995760,20200311,1.596,2.82,14.1,1547749,PINNACLE TECHNOLOGY GROUP,111321,20200311,,US,BY,USD,1,SE,USD,20200311
L,WEB,FLORIANOPOLIS,SC,88034132,SiT5155AI-FK-33E0-20.000000X,6, ,56022855,20200311,15.0228,24.59,147.54,5360978,MACNICA DHW LTDA,04.121.834/0001-06,20200311,,BR,BY,USD,1,SE,USD,20200311
L,WEB,BRIDGWATER,SO,TA6 4FJ,SIT9005AI-21-18EH37.125000E,40, ,56027937,20200311,1.13,2.391,95.64,5925154,TRIZO LIMITED,837799,20200311,,GB,BY,USD,1,SE,USD,20200311
L,IL,RAANANA,EX,294,SiT8103AI-23-33E-24.00000X,55, ,56029994,20200311,0.6,1.063,58.465,5896644,MICATALOG LTD,ROTEM 20160633,20200311,,IL,BY,USD,1,SE,USD,20200311
L,WEB,GARDANNE,EX,13120,SiT8103AI-23-33E-16.00000X,10, ,56033152,20200311,0.6,2.165,21.65,5376728,NERYS,C20066,20200311,,FR,BY,USD,1,SE,USD,20200311
L,TX,OTTAWA LAKE,MI,49267,SiT9120AI-2D3-25E200.000000X,5, ,56036073,20200311,1.596,2.82,14.1,1547749,PINNACLE TECHNOLOGY GROUP,111321,20200311,,US,BY,USD,1,SE,USD,20200311
L,WEB,SAN FRANCISCO,CA,94103,SiT8924BA-72-18E-50.000000E,37, ,56037620,20200311,1.115,2.04,75.48,1403022,Natural Person,12551-10,20200311,,US,BY,USD,1,SE,USD,20200311
L,WEB,SAN FRANCISCO,CA,94103,SIT9120AI-2C3-33E125.000000X,37, ,56037620,20200311,1.596,2.81,103.97,1403022,Natural Person,12551-10,20200311,,US,BY,USD,1,SE,USD,20200311
L,DE,SCHAAN,EX,9494,SIT1602BI-13-33E-50.000000G,20, ,56005194,20200312,0.478,1.097,21.94,5574223,HILTI AKTIENGESELLSCHAFT,7100000976,20200312,,LI,BY,USD,1,SE,USD,20200312
L,HK,"KWUN TONG,KOWLOON",EX,0,SiT8008BI-13-XXS-12.000000G,2, ,56026818,20200312,0.45,1.13,2.26,5933995,HK LIANCHUANG ELECTRONICS CO LTD(C),MOUSER20031105,20200312,,HK,BY,USD,1,SE,USD,20200312
L,SE,KONGSBERG,EX,3616,SiT5155AI-FK-33E0-20.000000X,2, ,56032402,20200312,15.0228,23.954,47.908,5151961,KONGSBERG DEFENCE & AEROSPACE AS,301010740,20200312,,NO,BY,USD,1,SE,USD,20200312
L,TX,WEST WARWICK,RI,28937526,SiT9102AI-243N25E200.00000X,15, ,56035672,20200312,5.484,8.66,129.9,1547024,ASTRO-MED,3842279-000 OP,20200312,,US,BY,USD,1,SE,USD,20200312
L,WEB,KYIV,EX,4074,SiT8008BC-83-33E-24.000000X,2, ,56035878,20200312,0.449,1.22,2.44,5062058,COGITO LLC,39,20200312,,UA,BY,USD,1,SE,USD,20200312
L,WEB,SAVIGNY,EX,1073,SiT8103AI-23-33E-12.00000X,21, ,56042837,20200312,0.6,1.589,33.369,5316928,SIGNAL PROCESSING SA,18555637,20200312,,CH,BY,USD,1,SE,USD,20200312
L,WEB,SAVIGNY,EX,1073,SiT8103AI-23-33E-25.00000X,22, ,56042837,20200312,0.6,1.589,34.958,5316928,SIGNAL PROCESSING SA,18555637,20200312,,CH,BY,USD,1,SE,USD,20200312
L,WEB,SHA TIN,HK,0,SIT1618AA-22-33S-25.000000G,2, ,56043313,20200312,1.092,2.27,4.54,5953884,GALAXY ELECTRONICS(HONGKONG)LIMITED,PO200312129471,20200312,,HK,BY,USD,1,SE,USD,20200312
L,WEB,SHA TIN,HK,0,SIT1602AC-12-33E-8.192000G,20, ,56043313,20200312,0.524,1.07,21.4,5953884,GALAXY ELECTRONICS(HONGKONG)LIMITED,PO200312129471,20200312,,HK,BY,USD,1,SE,USD,20200312
L,WEB,NORCROSS,GA,30071,SIT9121AI-2B2-33E100.000000G,10, ,56046088,20200312,2.107,3.87,38.7,1821931,ALTWAY ELECTRONICS INC.,32135,20200313,,US,BY,USD,1,SE,USD,20200312
L,TX,HATFIELD,PA,19440,SIT2001BI-S2-33E-24.000000G,110, ,56048034,20200312,0.359,0.967,106.37,1565248,YOUNGTRON INC.,201514,20200312,,US,BY,USD,1,SE,USD,20200312
L,WEB,HILLSBORO,OR,97006,SIT9102AI-243N33E200.00000X,3, ,56050852,20200312,4.57,9.21,27.63,1314853,"AXIOM ELECTRONICS, LLC",PO-0019097,20200312,,US,BY,USD,1,SE,USD,20200312
L,TX,CORALVILLE,IA,522412736,SIT8918AA-11-33S-25.000000G,50, ,56051106,20200312,1.2484,2.69,134.5,1546832,ROCKWELL COLLINS INC,4507443300,20200312,,US,BY,USD,1,SE,USD,20200312
L,TX,ROCKLEDGE,FL,32955,SiT8021AI-J4-18S-6.144000E,15, ,56052287,20200312,0.457,0.86,12.9,1625324,SOLUTIONS MANUFACTURING LLC,97888,20200312,,US,BY,USD,1,SE,USD,20200312
L,WEB,RICHMOND,BC,V6X 2T1,SIT8924BA-11-33E-100.000000G,30, ,56068849,20200313,1.475,3.32,99.6,5815775,ADARA SYSTEMS LTD,EGAMMA PROTOTYPE,20200313,,CA,BY,USD,1,SE,USD,20200313
L,WEB,VIGONE,TO,10067,SIT9120AI-2C3-33E125.000000X,124, ,56061454,20200313,1.596,2.453,304.172,5836639,EFFEGI ELETTRONICA SRL,364,20200313,,IT,BY,USD,1,SE,USD,20200313
L,WEB,ANSBACH,EX,91522,SiT9365AC-2B2-25E100.000000G,5, ,56010492,20200313,3.96,8.374,41.87,5240580,OECHSLER AG,BANF 10221177,20200313,,DE,BY,USD,1,SE,USD,20200313
L,TX,ROCHESTER,MN,55901,SIT1533AI-H4-DCC-32.768G,200, ,56019873,20200313,0.517,1.013,202.6,1833896,BENCHMARK ELECTRONICS,WPC089245,20200313,,US,BY,USD,1,SE,USD,20200313
L,WEB,KOWLOON,EX,0,SiT9102AI-243N25E200.00000X,10, ,56044070,20200313,5.484,7.97,79.7,5923406,"HONG KONG WANLUTONG INTERNATIONAL LOGISTICS CO., LIMITED",PO217684,20200313,,HK,BY,USD,1,SE,USD,20200313
L,WEB,KOWLOON,EX,0,SiT8103AC-32-33E-66.00000X,3, ,56044664,20200313,0.51,1.27,3.81,5923406,"HONG KONG WANLUTONG INTERNATIONAL LOGISTICS CO., LIMITED",PO218120,20200313,,HK,BY,USD,1,SE,USD,20200313
L,TX,NESS-ZIONA,EX,7403635,SIT1552AI-JE-DCC-32.768E,160, ,56049890,20200313,0.851,1.763,282.08,5721566,AEROSCOUT ENTERPRISE,PO20000494,20200313,,IL,BY,USD,1,SE,USD,20200313
L,WEB,NIGRAN,PO,36350,SIT8008AI-11-18E-33.333333G,3, ,56050361,20200313,0.511,1.181,3.543,5A07432,ALEN SPACE,AL-PRO-2020-087,20200313,,ES,BY,USD,1,SE,USD,20200313
L,WEB,"ZHONGLI CITY, TAOYUAN COUNTY",EX,32065,SIT8924BA-22-33E-8.192000G,4, ,56051664,20200313,1.475,3.755,15.02,5385294,Natural Person,18568116,20200313,,TW,BY,USD,1,SE,USD,20200313
L,TX,SAN JOSE,CA,95131,SiT8021AC-J4-18S-24.000000E,15, ,56055035,20200313,0.416,0.785,11.775,1716057,"ACRONICS SYSTEMS, INC.",PGOO64200312-01,20200313,,US,BY,USD,1,SE,USD,20200313
L,CA,SANTA ANA,CA,92705,SiT8008BI-73-33E-20.000000G,10, ,56055670,20200313,0.43,1.672,16.72,1842672,"REGAL TECHNOLOGY PARTNERS, INC.",70001761,20200313,,US,BY,USD,1,SE,USD,20200313
L,WEB,NAGANO,EX,3850021,SiT9120AI-2D3-25E200.000000X,3, ,56059587,20200313,1.596,2.81,8.43,5764466,"CORE STAFF CO., LTD (C)",200312HAA0318-0319,20200313,,JP,BY,USD,1,SE,USD,20200313
L,FR,ROSHEIM,EX,67560,SIT1552AC-JE-DCC-32.768D,2, ,56065074,20200313,0.76,1.585,3.17,5841162,PROTOELECTRONIQUE,AP20202169-R,20200313,,FR,BY,USD,1,SE,USD,20200313
L,WEB,TROISDORF,EX,D53842,SIT1533AC-H5-DCC-32.768E,50, ,56065677,20200313,0.396,0.881,44.05,5011803,SOPHILUTION GMBH,SOP200313A,20200313,,DE,BY,USD,1,SE,USD,20200313
L,WEB,HYDERABAD,EX,501359,SIT1533AI-H4-DCC-32.768D,500, ,56066999,20200313,0.416,0.708,354,1855631,EMBEDDED IT SOLUTIONS INDIA P,18573478,20200313,,IN,BY,USD,1,SE,USD,20200313
L,WEB,SAN FRANCISCO,CA,94103,SiT8021AI-J4-XXS-12.000000E,12, ,56071388,20200313,0.457,1.35,16.2,1403022,Natural Person,12388-10,20200313,,US,BY,USD,1,SE,USD,20200313
L,WEB,CHILGOK-GUN,EX,39843,SIT9102AI-243N33E200.00000X,5, ,56080369,20200316,4.57,9.21,46.05,5908108,GSC,18585084,20200316,,KR,BY,USD,1,SE,USD,20200316
L,WEB,KOWLOON,EX,0,SiT9102AI-243N25E200.00000X,3, ,56061072,20200316,5.484,8.47,25.41,5923406,"HONG KONG WANLUTONG INTERNATIONAL LOGISTICS CO., LIMITED",PO218024,20200316,,HK,BY,USD,1,SE,USD,20200316
L,TX,APPLETON,WI,54911,SiT8103AI-13-33E-33.00000X,25, ,56021591,20200316,0.6,1.59,39.75,1949702,DUCOMMUN INCORPORATED,241761-00,20200316,,US,BY,USD,1,SE,USD,20200316
L,WEB,HSINCHU COUNTY,EX,31040,SIT2001BI-S2-33E-24.000000G,2, ,56060798,20200316,0.359,1.23,2.46,5333652,INDUSTRIAL TECHNOLOGY RESEARCH INSTITUTE,S530000914,20200316,,TW,BY,USD,1,SE,USD,20200316
L,WEB,VIGONE,TO,10067,SiT8021AI-J4-18S-8.000000E,62, ,56062182,20200316,0.457,1.11,68.82,5836639,EFFEGI ELETTRONICA SRL,365,20200316,,IT,BY,USD,1,SE,USD,20200316
L,WEB,SENTJERNEJ,EX,8310,SIT8008BI-73-18S-25.000000G,4, ,56065704,20200316,0.43,1.148,4.592,5864054,L-TEK D.O.O.,20-023-001390,20200316,,SI,BY,USD,1,SE,USD,20200316
L,WEB,HILLSBORO,OR,97006,SIT8008AC-33-33E-90.000000X,20, ,56071953,20200316,0.409,1.02,20.4,1314853,"AXIOM ELECTRONICS, LLC",PO-0019118,20200316,,US,BY,USD,1,SE,USD,20200316
L,WEB,EAST BENDIGO,VI,3550,SIT1533AI-H4-AA3-32.768E,10, ,56073317,20200316,0.416,0.999,9.99,5065454,37SOUTH PTY LTD,PJ370292,20200316,,AU,BY,USD,1,SE,USD,20200316
L,WEB,HYDERABAD,TG,500030,SIT8008AI-73-33E-33.333333G,10, ,56075385,20200316,0.43,0.959,9.59,5A2C407,FALCONX TECHNOLOGIES,18581589,20200316,,IN,BY,USD,1,SE,USD,20200316
L,IL,RAANANA,EX,294,SiT8103AI-13-33E-4.00000X,10, ,56075648,20200316,0.6,0.936,9.36,5896644,MICATALOG LTD,SESP MOUSER-14,20200316,,IL,BY,USD,1,SE,USD,20200316
L,WEB,HWASEONG-SI,EX,18469,SiT1533AI-H4-DCC-32.768E,1000, ,56079814,20200316,0.416,0.688,688,5261085,DIT CO.,DIT-20200316-DA,20200316,,KR,BY,USD,1,SE,USD,20200316
L,WEB,SEOUL,EX,8217,SiT1533AI-H4-DCC-32.768E,250, ,56080895,20200316,0.416,0.818,204.5,5402144,SEMIBASE,DREAMTECH,20200316,,KR,BY,USD,1,SE,USD,20200316
L,WEB,REZZATO,BS,25086,SIT9005AI-21-33ED37.125000E,150, ,56081361,20200316,1.13,2.044,306.6,5968149,Natural Person,18585503,20200316,,IT,BY,USD,1,SE,USD,20200316
L,WEB,EXETER,DE,EX2 5WS,SiT8021AI-J4-XXS-12.288000E,5, ,56081480,20200316,0.457,1.78,8.9,5719587,MICHAEL J WATTS CONSULTANT,BN2021,20200316,,GB,BY,USD,1,SE,USD,20200316
L,WEB,HONG KONG,EX,0,SiT8021AC-J4-18S-24.000000E,10, ,56074436,20200317,0.416,0.893,8.93,5722942,TRADE SERVICES COMPANY LIMITED,PO00242038,20200317,,HK,BY,USD,1,SE,USD,20200317
L,WEB,NEW TAIPEI CITY,EX,22103,SIT8209AI-21-33S-100.000000X,39, ,56085888,20200317,1.26,2.65,103.35,5920962,ADSAM TECHNOLOGY LTD,18588494,20200317,,TW,BY,USD,1,SE,USD,20200317
L,WEB,HILLSBORO,OR,97006,SIT9102AI-243N33E200.00000X,5, ,56090767,20200317,4.57,9.21,46.05,1314853,"AXIOM ELECTRONICS, LLC",PO-0019132,20200317,,US,BY,USD,1,SE,USD,20200317
L,TX,MILPITAS,CA,95035,SiT9365AC-4B2-33E100.000000G,10, ,56072063,20200317,3.96,6.86,68.6,1297269,TELEDYNE LECROY,POS020530,20200317,,US,BY,USD,1,SE,USD,20200317
L,TX,STEINACH,SG,9323,SIT1566AI-JE-18E-32.768E,190, ,56093894,20200317,1.166,1.93,366.7,5697072,VARIOSYSTEMS AG,4500487036,20200317,,CH,BY,USD,1,SE,USD,20200317
L,WEB,GEUMCHEON-GU,EX,8504,SiT8021AI-J4-XXS-16.000000E,10, ,56094915,20200317,0.457,1.43,14.3,5075439,ELEPARTS(C),ELE20200317CSA-M2,20200317,,KR,BY,USD,1,SE,USD,20200317
L,WEB,GEUMCHEON-GU,EX,8504,SiT8021AI-J4-XXS-4.000000E,10, ,56094915,20200317,0.457,1.43,14.3,5075439,ELEPARTS(C),ELE20200317CSA-M2,20200317,,KR,BY,USD,1,SE,USD,20200317
L,WEB,FUJISAWA,EX,2520804,SIT9102AI-243N33E200.00000X,30, ,56095730,20200317,4.57,9.191,275.73,5484502,"YOROTEX.CO.,LTD",18593462,20200317,,JP,BY,USD,1,SE,USD,20200317
L,TX,"SEOUL, KOREA",EX,8584,SiT5157AI-FK-33N0-100.000000X,3, ,56097529,20200317,25.2551,45.24,135.72,5787423,ICBANQ (C),B200317009067,20200317,,KR,BY,USD,1,SE,USD,20200317
L,WEB,RICHARDSON,TX,75081,SiT8008BC-81-33E-25.000000X,120, ,56100038,20200317,0.51,0.963,115.56,1798025,"NPI TECHNOLOGIES, INC.",PLA212183,20200317,,US,BY,USD,1,SE,USD,20200317
L,WEB,ISMANING,EX,85737,SIT9121AI-2C2-33E125.000000X,3, ,56101089,20200317,2.1073,4.362,13.086,5839014,CAD SERVICE BH GMBH CO. KG,315268,20200317,,DE,BY,USD,1,SE,USD,20200317
L,WEB,WEIFANG,SD,261011,SIT2001BI-S2-33E-50.000000G,25, ,56092799,20200317,0.452,1.037,25.925,5347633,"SHANDONG FREE OPTICS TECH CO.,LTD",FREE-SDHT-2003-041,20200317,,CN,BY,USD,1,SE,USD,20200317
L,WEB,WEIFANG,SD,261011,SIT2001BI-S2-33E-50.000000G,25, ,56075891,20200318,0.452,1.037,25.925,5347633,"SHANDONG FREE OPTICS TECH CO.,LTD",FREE-SDHT-2003-039,20200318,,CN,BY,USD,1,SE,USD,20200318
L,WEB,NUTLEY,NJ,7110,SIT5000AICGE-33E0-25.000000X,30, ,56105741,20200318,1.12,1.74,52.2,1135120,PNC INC,50071,20200318,,US,BY,USD,1,SE,USD,20200318
L,TX,LOCKPORT,IL,604412200,SIT9102AI-232N33E125.00000X,9, ,56108529,20200318,6.708,9.86,88.74,1606278,DYNAMIC SIGNALS LLC,15705,20200318,,US,BY,USD,1,SE,USD,20200318
L,WEB,TIANJIN,TJ,300308,SIT9121AI-2B3-33E200.00000G,1, ,56112753,20200318,1.915,4.262,4.262,600D5C4,Natural Person,18602624,20200318,,CN,BY,USD,1,SE,USD,20200318
L,WEB,SAN JOSE,CA,95131,SIT8008BI-22-18E-100.000000G,50, ,56122897,20200318,0.511,1.12,56,1833283,GREEN CIRCUITS,546687,20200318,,US,BY,USD,1,SE,USD,20200318
L,WEB,SHENZHEN,GD,518031,SIT1533AC-H5-DCC-32.768E,102, ,56112471,20200318,0.396,0.798,81.396,5726880,Natural Person,18602878,20200318,,CN,BY,USD,1,SE,USD,20200318
L,TX,CINCINNATI,OH,45245,SiT5157AI-FK-33N0-100.000000X,60, ,56041462,20200318,25.2551,44.476,2668.56,1528993,L-3 FUZING & ORDNANCE SYS,CB-00528,20200318,,US,BY,USD,1,SE,USD,20200318
L,WEB,GEUMCHEON-GU,EX,8504,SIT8008BIF22-33E-64.000000G,20, ,56127664,20200319,0.511,0.986,19.72,5075439,ELEPARTS(C),ELE20200319CSA-M2,20200319,,KR,BY,USD,1,SE,USD,20200319
L,WEB,KOWLOON,EX,0,SiT8021AI-J4-XXS-16.000000E,30, ,56080343,20200319,0.457,1.4,42,5024821,ICGOO ELECTRONICS LIMITED,PO219089,20200319,,HK,BY,USD,1,SE,USD,20200319
L,WEB,NUTLEY,NJ,7110,SIT8924BA-73-18E-25.000000G,-22, ,56138300,20200319,1.124,1.62,-35.64,1135120,PNC INC,50047,20200319,,US,BY,USD,1,SE,USD,20200319
L,WEB,LISBOA,EX,1950421,SIT1552AI-JF-DCC-32.768E,5, ,56128172,20200319,0.784,1.826,9.13,5013020,JANZ CONTAGEM E GESTAO DE FLUIDOS SA,PDC 262,20200319,,PT,BY,USD,1,SE,USD,20200319
L,WEB,SUWON,EX,16648,SIT9005AI-21-33EH40.000000E,5, ,56109006,20200319,1.13,2.823,14.115,5878880,SAMJUNGSOLUTION,18601700,20200319,,KR,BY,USD,1,SE,USD,20200319
L,WEB,SUWON,EX,16648,SIT9005AI-21-33ED40.000000E,5, ,56109006,20200319,1.13,2.823,14.115,5878880,SAMJUNGSOLUTION,18601700,20200319,,KR,BY,USD,1,SE,USD,20200319
L,WEB,TAOYUAN CITY,EX,32470,SIT1532AC-J5-DCC-32.768E,250, ,56112090,20200319,0.436,0.829,207.25,5A0429F,"AIRSKY TECHNOLOGY CO., LTD.",18601897,20200319,,TW,BY,USD,1,SE,USD,20200319
L,WEB,WENZHOU,ZJ,325029,SiT1533AI-H4-DCC-32.768E,100, ,56125942,20200319,0.416,0.909,90.9,5268862,"WENZHOU JIAYIYIQI CO.,LTD",M200318W,20200319,,CN,BY,USD,1,SE,USD,20200319
L,WEB,MILFORD,CT,6460,SiT1533AI-H4-DCC-32.768E,15, ,56117276,20200319,0.416,0.94,14.1,1-F6695,Natural Person,18605901,20200319,,US,BY,USD,1,SE,USD,20200319
L,WEB,NAGANO,EX,3850021,SiT1533AI-H4-DCC-32.768E,20, ,56118500,20200319,0.416,0.724,14.48,5764466,"CORE STAFF CO., LTD (C)",200318HGB0323-0430,20200319,,JP,BY,USD,1,SE,USD,20200319
L,DE,GRUENHAIN-BEIERFELD,EX,8341,SIT8924BM-71-33E-20.000000G,13, ,56118377,20200319,2.809,5.521,71.773,5819725,TURCK BEIERFELD GMBH,5066745,20200319,,DE,BY,USD,1,SE,USD,20200319
L,IL,RAANANA,EX,294,SiT8103AI-13-33E-4.00000X,10, ,56126922,20200319,0.6,0.936,9.36,5896644,MICATALOG LTD,SESP MOUS15,20200319,,IL,BY,USD,1,SE,USD,20200319
L,WEB,SHA TIN,HK,0,SiT1533AI-H4-D14-32.768E,20, ,56112702,20200319,0.416,0.865,17.3,5953884,GALAXY ELECTRONICS(HONGKONG)LIMITED,PO200318770871,20200319,,HK,BY,USD,1,SE,USD,20200319
L,WEB,TAIPEI,EX,10646,SIT8103AC-23-18E-33.33333X,6, ,56095425,20200319,0.564,1.788,10.728,5380617,MAPLES MICRO SYSTEM CORP.,18593517,20200319,,TW,BY,USD,1,SE,USD,20200319
L,TX,NUTLEY,NJ,7110,SIT8924BA-73-18E-25.000000G,22, ,56133999,20200319,1.124,1.62,35.64,1135120,PNC INC,50047,20200319,,US,BY,USD,1,SE,USD,20200319
L,WEB,GURO-GU,EX,8214,SIT8008BI-73-XXS-33.333333G,3, ,56127485,20200320,0.43,1.17,3.51,5953974,YG COMPANY,18611543,20200320,,KR,BY,USD,1,SE,USD,20200320
L,WEB,SEOUL,EX,5373,SIT1602BI-23-33E-25.000000G,50, ,56139743,20200320,0.478,1.08,54,5706629,JC INTERNATIONAL COMPANY,JCIP200320-001,20200320,,KR,BY,USD,1,SE,USD,20200320
L,WEB,SALEM,NH,3079,SiT1532AI-J4-DCC-32.768E,25, ,56152406,20200320,0.4557,0.891,22.275,1040237,GREEN LIGHT MANUFACTURING,PICA GEN4/AFE,20200320,,US,BY,USD,1,SE,USD,20200320
L,WEB,MERING,EX,86415,SIT8924BM-71-33E-1.000000G,3, ,56132332,20200320,2.809,5.794,17.382,5863210,W.E.S.T. ELEKTRONIK-SYSTEME GMBH,18614369,20200320,,DE,BY,USD,1,SE,USD,20200320
L,WEB,TAIPEI,EX,11492,SiT1533AI-H4-DCC-32.768S,120, ,56129572,20200320,0.416,0.832,99.84,5117298,PRIMAX ELECTRONICS LTD.,POC2,20200320,,TW,BY,USD,1,SE,USD,20200320
L,WEB,SUNNYVALE,CA,94086,SIT8008BI-22-33E-18.000000G,8, ,56153054,20200320,0.511,1.04,8.32,1696132,SIERRA CIRCUITS,141556,20200320,,US,BY,USD,1,SE,USD,20200320
L,WEB,ST.PETERSBURG,EX,194223,SiT1602BI-32-33E-50.000000X,50, ,56099712,20200320,0.576,0.974,48.7,5354700,PM ELECTRONICS,PM-997/20,20200320,,RU,BY,USD,1,SE,USD,20200320
L,WEB,RICHARDSON,TX,75081,SIT9121AI-2B2-33E100.000000G,10, ,56091619,20200320,2.107,3.7,37,1676704,"QC GRAPHICS, INC",39614P-12139,20200320,,US,BY,USD,1,SE,USD,20200320
L,WEB,KOWLOON,EX,0,SiT5021AI-2BE-33VQ200.000000X,10, ,56128848,20200320,7.61,11.07,110.7,5923406,"HONG KONG WANLUTONG INTERNATIONAL LOGISTICS CO., LIMITED",PO219312,20200320,,HK,BY,USD,1,SE,USD,20200320
L,WEB,KOWLOON,EX,0,SIT8008AI-11-18E-33.333333G,6, ,56128935,20200320,0.511,1.2,7.2,5024821,ICGOO ELECTRONICS LIMITED,PO220250,20200320,,HK,BY,USD,1,SE,USD,20200320
L,WEB,ERFURT,EX,99098,SiT8021AI-J4-18S-16.000000E,10, ,56132227,20200320,0.457,1.013,10.13,5109577,MICROSENSYS GMBH,18614340,20200320,,DE,BY,USD,1,SE,USD,20200320
L,WEB,ST.PETERSBURG,EX,194223,SIT2001BI-S2-33E-24.000000G,3, ,56147580,20200320,0.359,0.899,2.697,5354700,PM ELECTRONICS,PM-1068/20,20200320,,RU,BY,USD,1,SE,USD,20200320
L,WEB,POPERINGE,EX,8970,SIT8924BA-73-18E-25.000000G,3, ,56133554,20200320,1.124,2.503,7.509,5710591,PAGE ELEKTRONIKA,201892,20200320,,BE,BY,USD,1,SE,USD,20200320
L,TX,SANTA ANA,CA,92704,SiT1533AI-H4-DCC-32.768E,30, ,56130972,20200320,0.416,0.94,28.2,1921848,EXPRESS MFG INC,4700016423,20200320,,US,BY,USD,1,SE,USD,20200320
L,TX,FORT WALTON BEACH,FL,32548,SIT8008BI-82-33E-83.333000X,2, ,56171312,20200323,0.534,1.25,2.5,1641249,IRSP DEPOT,41-7040430,20200323,,US,BY,USD,1,SE,USD,20200323
L,MX,"QUERETARO, QRO.",QT,76125,SIT8918AA-13-33S-50.000000G,2, ,56153702,20200323,0.944,2.8,5.6,5972330,CENTRO DE INGENIERIA Y DESARROLLO INDUSTRIAL,100101868,20200323,,MX,BY,USD,1,SE,USD,20200323
L,WEB,KOWLOON,EX,0,SIT8008BI-71-33S-16.000000G,100, ,56161055,20200323,0.489,0.861,86.1,5024821,ICGOO ELECTRONICS LIMITED,PO221298,20200323,,HK,BY,USD,1,SE,USD,20200323
L,WEB,POGGIBONSI,SI,53036,SIT8924AA-13-33E-33.333333G,6, ,56115727,20200323,1.18,2.624,15.744,5338381,EMC SRL,ROTOTYPE RLB,20200323,,IT,BY,USD,1,SE,USD,20200323
L,WEB,SEOUL,EX,8505,SiT5155AI-FK-33VT-10.000000X,1, ,56144819,20200323,14.7824,24.59,24.59,5527295,"HIGH TECHNOLOGY CO.,LTD",18621098,20200323,,KR,BY,USD,1,SE,USD,20200323
L,WEB,ROCHESTER,NY,14620,SiT1533AI-H4-DCC-32.768E,110, ,56153695,20200323,0.416,0.77,84.7,1441139,MASTODON DESIGN,MD1003-1700,20200323,,US,BY,USD,1,SE,USD,20200323
L,WEB,GDANSK,EX,80180,SiT5155AI-FK-33VT-10.000000X,2, ,56152055,20200323,14.7824,24.698,49.396,600DF39,MTS TIMUR MURADOV,18625548,20200323,,PL,BY,USD,1,SE,USD,20200323
L,TW,NEW TAIPEI CITY,EX,22175,SiT1552AC-JE-DCC-32.768E,28, ,56143398,20200323,0.76,1.68,47.04,5728721,"CANTRON TECHNOLOGY CO.,LTD.",ME20200316,20200323,,TW,BY,USD,1,SE,USD,20200323
L,WEB,SUZHOU,JS,215128,SIT1552AI-JE-DCC-32.768E,10, ,56143370,20200323,0.851,2.025,20.25,5566396,"SUZHOU SOFER ELECTRONIC&TECHNOLOGY CO.,LTD",118950,20200323,,CN,BY,USD,1,SE,USD,20200323
L,WEB,LOWER SWANWICK,EX,SO31 7GB,SiT8208AI-G3-18E-33.333333X,5, ,56151648,20200323,0.71,1.689,8.445,5647943,BWS,18625288,20200323,,GB,BY,USD,1,SE,USD,20200323
L,WEB,SUZHOU CITY,JS,215104,SIT1552AI-JE-DCC-32.768E,10, ,56127150,20200323,0.851,2.025,20.25,5062711,"SUZHOU SUOFE ELECTRONIC TECHNOLOGY CO., LTD.",118907,20200323,,CN,BY,USD,1,SE,USD,20200323
L,WEB,DELFT,EX,2628BC,SiT2001BI-S2-33E-25.000000E,2, ,56147983,20200323,0.359,0.954,1.908,5376831,Natural Person,MODULECONTROLLER,20200323,,NL,BY,USD,1,SE,USD,20200323
L,WEB,BICESTER,OX,OX26 2UA,SIT1552AI-JF-DCC-32.768E,80, ,56149533,20200323,0.784,1.827,146.16,5004789,SALUNDA,PO/0004532,20200323,,GB,BY,USD,1,SE,USD,20200323
L,WEB,TEMPE,AZ,85284,SiT8021AI-J4-18S-6.144000E,50, ,56153143,20200323,0.457,1.17,58.5,1545505,HYBRID DESIGN ASSOCIATES,210007,20200323,,US,BY,USD,1,SE,USD,20200323
L,WEB,AURORA,CO,80011,SIT8008BI-12-25E-25.000000G,39, ,56168745,20200323,0.511,1.12,43.68,1749688,ADVANCED ASSEMBLY,B91488 AA,20200323,,US,BY,USD,1,SE,USD,20200323
L,WEB,SHA TIN,HK,0,SiT5021AI-2DE-33E-100.000000X,4, ,56174936,20200324,6.88,10.64,42.56,5953884,GALAXY ELECTRONICS(HONGKONG)LIMITED,PO200324703391,20200324,,HK,BY,USD,1,SE,USD,20200324
L,TX,PLANO,TX,75074,SIT9121AI-2B2-33E100.000000G,50, ,56175139,20200324,2.107,3.38,169,1506971,PRECISION TECHNOLOGY INC.,115442,20200324,,US,BY,USD,1,SE,USD,20200324
L,HK,HONG KONG,EX,0,SiT8103AI-13-33E-50.00000X,3, ,56145353,20200324,0.6,1.49,4.47,5880034,"SHENZHEN ICHUNT TECHNOLOGY CO., LTD.",A28614 B43875,20200324,,HK,BY,USD,1,SE,USD,20200324
L,WEB,SEOUL,EX,8390,SiT9102AI-243N25E200.00000X,30, ,56129164,20200324,5.484,7.62,228.6,5869251,ILWOL SEMICOM,IW200319-1213,20200324,,KR,BY,USD,1,SE,USD,20200324
L,IL,RAANANA,EX,294,SIT1602BI-13-33E-50.000000G,25, ,56163871,20200324,0.478,0.926,23.15,5896644,MICATALOG LTD,N-ES 38599700400/2,20200324,,IL,BY,USD,1,SE,USD,20200324
L,WEB,KAOHSIUNG CITY,EX,813,SiT8021AI-J4-XXS-12.288000E,20, ,56163250,20200324,0.457,1.833,36.66,5A21EC7,TRIGREATTECH,18632930,20200324,,TW,BY,USD,1,SE,USD,20200324
L,TW,NEW TAIPEI CITY,EX,22175,SiT1552AC-JE-DCC-32.768E,103, ,56125402,20200324,0.76,1.44,148.32,5728721,"CANTRON TECHNOLOGY CO.,LTD.",CY20021B003,20200324,,TW,BY,USD,1,SE,USD,20200324
L,WEB,DAEJEON-SI,EX,34166,SiT9102AI-243N25E200.00000X,1, ,56144177,20200324,5.484,9.21,9.21,5272056,VICTONICS,VIC20200320K,20200324,,KR,BY,USD,1,SE,USD,20200324
L,WEB,AURORA,CO,80011,SIT8008BI-12-25E-25.000000G,47, ,56198683,20200325,0.511,1.12,52.64,1749688,ADVANCED ASSEMBLY,B91489,20200325,,US,BY,USD,1,SE,USD,20200325
L,TX,LONGMONT,CO,80503,SiT8103AI-13-33E-24.00000X,18, ,56158357,20200325,0.6,1.32,23.76,1566804,ONCORE MANUFACTURING,576401,20200325,,US,BY,USD,1,SE,USD,20200325
L,WEB,BUNKYO-KU TOKYO,EX,1130034,SiT1533AI-H4-DCC-32.768E,25, ,56175813,20200325,0.416,0.993,24.825,5A0D397,"M A SYSTEM CO.,LTD",18639760,20200325,,JP,BY,USD,1,SE,USD,20200325
L,TX,EL PASO,TX,79927,SIT1533AI-H4-D13-32.768G,208, ,56186640,20200325,0.517,0.978,203.424,1515745,EPIC TECHNOLOGIES C/O G-GLOBAL,166796,20200325,,US,BY,USD,1,SE,USD,20200325
L,WEB,AURORA,CO,80011,SIT8008BI-73-33E-31.250000G,10, ,56199446,20200325,0.43,0.972,9.72,1749688,ADVANCED ASSEMBLY,B92674,20200325,,US,BY,USD,1,SE,USD,20200325
L,TX,RICHARDSON,TX,75081,SIT9102AC-331H18S19.44000X,2, ,56201507,20200325,7.13,12.41,24.82,1798025,NPI TECHNOLOGIES,200325-GD-212975,20200325,,US,BY,USD,1,SE,USD,20200325
L,WEB,SHA TIN,HK,0,SIT8008BI-21-33E-100.000000G,15, ,56177881,20200325,0.511,1.03,15.45,5953884,GALAXY ELECTRONICS(HONGKONG)LIMITED,PO200324131361,20200325,,HK,BY,USD,1,SE,USD,20200325
L,WEB,SUNNYVALE,CA,94086,SIT1552AI-JE-DCC-32.768E,2, ,56200743,20200325,0.851,1.83,3.66,1696132,SIERRA CIRCUITS,141709,20200325,,US,BY,USD,1,SE,USD,20200325
L,WEB,SHA TIN,HK,0,SiT8103AI-23-33E-25.00000X,50, ,56192394,20200325,0.6,1.46,73,5953884,GALAXY ELECTRONICS(HONGKONG)LIMITED,PO200325114531,20200325,,HK,BY,USD,1,SE,USD,20200325
L,WEB,AURORA,CO,80011,SIT8008BI-73-33E-31.250000G,15, ,56198163,20200325,0.43,0.972,14.58,1749688,ADVANCED ASSEMBLY,B92675,20200325,,US,BY,USD,1,SE,USD,20200325
L,WEB,SHA TIN,HK,0,SIT9120AI-2C3-33E125.000000X,15, ,56177881,20200325,1.596,3.08,46.2,5953884,GALAXY ELECTRONICS(HONGKONG)LIMITED,PO200324131361,20200325,,HK,BY,USD,1,SE,USD,20200325
L,WEB,MARTILLAC,EX,33650,SIT9102AI-243N33E200.00000X,3, ,56180272,20200325,4.57,9.062,27.186,5538473,EMSPROTO,PROTO-18310,20200325,,FR,BY,USD,1,SE,USD,20200325
L,WEB,KANSAS CITY,MO,64114,SiT1533AI-H4-DCC-32.768E,25, ,56186946,20200325,0.416,1.22,30.5,1260900,MANDY AMBS,IMX8MINI,20200325,,US,BY,USD,1,SE,USD,20200325
L,WEB,SHA TIN,HK,0,SiT9365AC-1B2-33E156.250000G,30, ,56160691,20200325,3.96,6.13,183.9,5953884,GALAXY ELECTRONICS(HONGKONG)LIMITED,PO200323903281,20200325,,HK,BY,USD,1,SE,USD,20200325
L,WEB,DAEJEON,EX,34186,SiT1568AI-JE-DCC-32.768E,214, ,56178305,20200326,1.515,2.72,582.08,5232318,DAEMYUNG SEMICONDUCTOR,DMJ200324,20200326,,KR,BY,USD,1,SE,USD,20200326
L,HK,"KWUN TONG,KOWLOON",EX,0,SIT8924BA-22-33E-8.192000G,5, ,56204553,20200326,1.475,3.07,15.35,5933995,HK LIANCHUANG ELECTRONICS CO LTD(C),MOUSER20032510,20200326,,HK,BY,USD,1,SE,USD,20200326
L,WEB,NEVE ILLAN,EX,9085000,SIT1602BI-13-33E-50.000000G,40, ,56181835,20200326,0.478,1.09,43.6,5524398,ILLUMIGYN LTD,18643364,20200326,,IL,BY,USD,1,SE,USD,20200326
L,WEB,AUGSBURG,EX,86159,SIT2024BA-S2-33E-25.000000G,3, ,56194681,20200326,1.124,2.503,7.509,5A13407,ROCKET FACTORY AUGSBURG AG,20200636_PPAP,20200326,,DE,BY,USD,1,SE,USD,20200326
L,DE,ALSDORF,EX,52477,SiT8103AC-22-25E-50.00000X,10, ,56195656,20200326,0.47,1.224,12.24,5396095,MATUSCHEK MESSTECHNIK GMBH,20-20328,20200326,,DE,BY,USD,1,SE,USD,20200326
L,DE,WEISSENSBERG,EX,88138,SiT8924BA-21-33E-33.333330G,20, ,56166556,20200326,1.475,3.34,66.8,5717361,TECNOTRON ELEKTRONIK GMBH,EB093140,20200326,,DE,BY,USD,1,SE,USD,20200326
L,WEB,TREZZANO ROSAA,MI,20060,SIT1552AI-JE-DCC-32.768E,12, ,56186762,20200326,0.851,2.326,27.912,5945169,TECNOMETAL,MBLED TECLAB,20200326,,IT,BY,USD,1,SE,USD,20200326
L,WEB,SEOUL,EX,8217,SIT8918AA-13-33S-50.000000G,4, ,56176111,20200326,0.944,2.459,9.836,5116928,"KMD SYSTEM CO.,LTD",18638971,20200326,,KR,BY,USD,1,SE,USD,20200326
L,WEB,SINGAPORE,EX,550263,SiT8021AI-J4-18S-2.048000E,35, ,56207391,20200326,0.457,1.03,36.05,5573451,DR RENO INTERIOR,2003014M,20200326,,SG,BY,USD,1,SE,USD,20200326
L,WEB,BEIJING,BJ,100085,SIT9121AI-2B3-33E200.00000G,4, ,56193085,20200327,1.915,4.262,17.048,600E39F,"BEIJIGN GUOJI TECH CO.,LTD",18630678,20200327,,CN,BY,USD,1,SE,USD,20200327
L,WEB,SHA TIN,HK,0,SIT1552AI-JE-DCC-32.768E,5, ,56222183,20200327,0.851,1.97,9.85,5953884,GALAXY ELECTRONICS(HONGKONG)LIMITED,PO200327107441,20200327,,HK,BY,USD,1,SE,USD,20200327
L,WEB,SHA TIN,HK,0,SIT9120AI-2C2-33E100.000000X,5, ,56222183,20200327,1.756,3.58,17.9,5953884,GALAXY ELECTRONICS(HONGKONG)LIMITED,PO200327107441,20200327,,HK,BY,USD,1,SE,USD,20200327
L,CA,SAN JOSE,CA,95138,SIT8924BM-71-33E-1.000000G,10, ,56214244,20200327,2.809,5.47,54.7,1728142,OMEGA EMS,907145,20200327,,US,BY,USD,1,SE,USD,20200327
L,WEB,SUNNYVALE,CA,94085,SIT9120AI-2B1-33E50.000000E,345, ,56205965,20200327,1.386,2.42,834.9,1108898,CLARISSA WONG,18656359,20200327,,US,BY,USD,1,SE,USD,20200327
L,TW,MIAOLI,EX,360,SiT9120AI-2D3-25E200.000000X,12, ,56157794,20200327,1.596,3.36,40.32,5637433,SINBON ELECTRONICS CO LTD,MAU-2003000075,20200327,,TW,BY,USD,1,SE,USD,20200327
L,WEB,KOWLOON,EX,0,SIT9120AI-2C2-33E100.000000X,20, ,56207837,20200327,1.756,3.25,65,5923406,"HONG KONG WANLUTONG INTERNATIONAL LOGISTICS CO., LIMITED",PO222727,20200327,,HK,BY,USD,1,SE,USD,20200327
L,TX,FREMONT,CA,94539,SiT8021AC-J4-18S-24.000000E,4, ,56228117,20200327,0.416,0.91,3.64,1603960,SONIC MANUFACTURING TECHNOLOGIES INC,SM285389,20200327,,US,BY,USD,1,SE,USD,20200327
L,WEB,SAGAMIHARA-SHI,EX,2520206,SIT2024BM-S1-XXX-000.FP0000G,25, ,56219300,20200327,2.023,4.047,101.175,5768977,SCHLUMBERGER K.K.,GP51236_SOMAYA,20200327,,JP,BY,USD,1,SE,USD,20200327
L,WEB,KOWLOON,EX,0,SIT9120AI-2D3-33E200.000000X,20, ,56207794,20200327,1.596,2.95,59,5923406,"HONG KONG WANLUTONG INTERNATIONAL LOGISTICS CO., LIMITED",PO222732,20200327,,HK,BY,USD,1,SE,USD,20200327
L,WEB,TAIPEI,EX,11492,SIT1552AI-JF-DCC-32.768D,45, ,56236504,20200330,0.784,1.74,78.3,5117298,PRIMAX ELECTRONICS LTD.,18666278,20200330,,TW,BY,USD,1,SE,USD,20200330
L,WEB,RENNES,EX,35000,SIT8008BI-71-18S-80.000000G,4, ,56214072,20200330,0.489,1.324,5.296,5114003,INNES,18660952,20200330,,FR,BY,USD,1,SE,USD,20200330
L,WEB,TAIPEI,EX,11492,SiT1533AI-H4-DCC-32.768E,30, ,56223073,20200330,0.416,0.94,28.2,5117298,PRIMAX ELECTRONICS LTD.,18665629,20200330,,TW,BY,USD,1,SE,USD,20200330
L,FR,VALLET,EX,44330,SiT1533AI-H4-D26-32.768E,330, ,56174731,20200330,0.416,0.784,258.72,5965192,SELVA,A202001322,20200330,,FR,BY,USD,1,SE,USD,20200330
L,WEB,VANTAA,EX,1530,SIT8008BI-12-25E-25.000000G,20, ,56205265,20200330,0.511,1.12,22.4,5288633,OPTIMA FREIGHT OY,18651287,20200330,,FI,BY,USD,1,SE,USD,20200330
L,WEB,SHA TIN,HK,0,SiT5000AI-3D-33E0-10.000000X,2, ,56239461,20200330,1.18,2.66,5.32,5953884,GALAXY ELECTRONICS(HONGKONG)LIMITED,PO200330741391,20200330,,HK,BY,USD,1,SE,USD,20200330
L,WEB,SUZHOU,JS,215128,SIT1552AI-JE-DCC-32.768E,120, ,56195925,20200330,0.851,1.723,206.76,5566396,"SUZHOU SOFER ELECTRONIC&TECHNOLOGY CO.,LTD",119006,20200330,,CN,BY,USD,1,SE,USD,20200330
L,WEB,SHANGHAI,SH,200083,SiT8008BI-13-33E-12.000000G,3, ,56231194,20200330,0.45,1.132,3.396,600F34B,Natural Person,18664795,20200330,,CN,BY,USD,1,SE,USD,20200330
L,WEB,SHANGHAI,SH,200083,SiT8008BI-12-XXS-25.000000G,3, ,56231194,20200330,0.511,1.203,3.609,600F34B,Natural Person,18664795,20200330,,CN,BY,USD,1,SE,USD,20200330
L,WEB,BEIJING,BJ,101400,SiT5155AI-FK-33E0-20.000000X,2, ,56227333,20200330,15.0228,24.635,49.27,5A273EE,"BEIJING SIFANG MEASUREMENT & CONTROL TECHNOLOGY CO., LTD.",18668274,20200330,,CN,BY,USD,1,SE,USD,20200330
L,WEB,NEZ ZYONA,EX,7403118,SiT8103AI-13-33E-33.00000X,10, ,56156166,20200330,0.6,1.59,15.9,5733338,P.M.I. ELECTRONICS,3201-5083,20200330,,IL,BY,USD,1,SE,USD,20200330
L,WEB,SAN MARTINO SICCOMARIO,PV,27028,SiT5157AI-FK-33N0-100.000000X,2, ,56224275,20200330,25.2551,48.815,97.63,5888143,BASELECTRON S.R.L.,ITS (S00323),20200330,,IT,BY,USD,1,SE,USD,20200330
L,TX,BURNABY,BC,V5J 5H8,SIT8008BI-72-33E-24.000000G,200, ,56248362,20200330,0.489,0.978,195.6,5533742,CREATION TECHNOLOGIES LP,2663508,20200330,,CA,BY,USD,1,SE,USD,20200330
L,WEB,SHA TIN,HK,0,SiT5157AI-FK-33N0-100.000000X,5, ,56207614,20200330,25.2551,45.24,226.2,5953884,GALAXY ELECTRONICS(HONGKONG)LIMITED,PO200326073201,20200330,,HK,BY,USD,1,SE,USD,20200330
L,WEB,CUPERTINO,CA,95014,SIT2001BI-S2-33E-24.000000G,1, ,56232334,20200330,0.359,1.23,1.23,1A02086,E2 DESIGNS,18671217,20200330,,US,BY,USD,1,SE,USD,20200330
L,IL,RAANANA,EX,294,SIT9120AI-2C2-33E100.000000X,18, ,56242138,20200330,1.756,2.589,46.602,5896644,MICATALOG LTD,GETSAT PO20000366,20200330,,IL,BY,USD,1,SE,USD,20200330
L,DE,WEISSENSBERG,EX,88138,SiT9102AI-243N25E200.00000X,32, ,56243417,20200331,5.484,8.596,275.072,5717361,TECNOTRON ELEKTRONIK GMBH,EB093279,20200331,,DE,BY,USD,1,SE,USD,20200331
L,WEB,DAEJEON CITY,EX,35221,SiT9365AC-1B2-33E156.250000G,34, ,56245037,20200331,3.96,7.174,243.916,5317533,CAC-TECH,CAC-2003-002,20200331,,KR,BY,USD,1,SE,USD,20200331
L,WEB,GUMI-SI,EX,39376,SIT9102AI-243N33E200.00000X,10, ,56258114,20200331,4.57,8.66,86.6,5309524,DIEM,18686470,20200331,,KR,BY,USD,1,SE,USD,20200331
L,WEB,KOWLOON,EX,0,SIT9102AI-243N33E200.00000X,3, ,56221827,20200331,4.57,8.47,25.41,5923406,"HONG KONG WANLUTONG INTERNATIONAL LOGISTICS CO., LIMITED",PO223176,20200331,,HK,BY,USD,1,SE,USD,20200331
L,WEB,OGDEN,UT,84403,SIT1534AI-H4-DCC-00.256G,4, ,56236218,20200331,0.842,1.99,7.96,1331002,Natural Person,18675756,20200331,,US,BY,USD,1,SE,USD,20200331
L,WEB,SAN JOSE,CA,95131,SIT8924AA-13-33E-33.333333G,1, ,56253701,20200331,1.18,2.2,2.2,1833283,GREEN CIRCUITS,547187,20200331,,US,BY,USD,1,SE,USD,20200331
L,WEB,XIAN,SN,710065,SIT8103AI-22-33E-50.00000T,10, ,56259620,20200331,0.6,1.593,15.93,5541646,"XIAN AIKESA TECHNOLOGY CO.,LTD",18687272,20200331,,CN,BY,USD,1,SE,USD,20200331
L,WEB,KOWLOON,EX,0,SiT8103AI-13-33E-50.00000X,4, ,56240098,20200331,0.6,1.49,5.96,5923406,"HONG KONG WANLUTONG INTERNATIONAL LOGISTICS CO., LIMITED",PO224012,20200331,,HK,BY,USD,1,SE,USD,20200331
L,WEB,DAEJEON CITY,EX,35221,SiT9102AI-243N25E200.00000X,17, ,56245037,20200331,5.484,9.329,158.593,5317533,CAC-TECH,CAC-2003-002,20200331,,KR,BY,USD,1,SE,USD,20200331
L,TX,HAYWARD,CA,94545,SiT9120AI-2C3-33E200.000000X,50, ,56266036,20200331,1.596,3.19,159.5,1834266,AMPEX DATA SYSTEMS CORP,50PO-01667,20200331,,US,BY,USD,1,SE,USD,20200331
S,316,,,,,,,,,,,,,,,,,,,,,,,
